"DESCRIPTION","DURATION IN MS","NAME","PARENT SUITE","START TIME","STATUS","STOP TIME","SUB SUITE","SUITE","TEST CLASS","TEST METHOD"
"","3","verifyAfterDeleteUseCaseTest","regression","2026-06-07","skipped","2026-06-07","tests.UseCasesTests","Main Flow","tests.UseCasesTests","verifyAfterDeleteUseCaseTest"
"","15874","addAndDeleteSubscribesTest","regression","2026-06-07","passed","2026-06-07","tests.ContactUsTests","Main Flow","tests.ContactUsTests","addAndDeleteSubscribesTest"
"","1859","verifyAfterAddFeatureGroupTest","regression","2026-04-04","passed","2026-04-04","tests.FeatureGroupTests","Chrome","tests.FeatureGroupTests","verifyAfterAddFeatureGroupTest"
"","25369","shouldAddEditAndDeleteUsersSuccessfully","regression","2026-06-15","passed","2026-06-15","tests.UsersTests","Main Flow","tests.UsersTests","shouldAddEditAndDeleteUsersSuccessfully"
"","2","setUp","regression","2026-04-04","broken","2026-04-04","tests.FeatureGroupTests","Chrome","tests.FeatureGroupTests","setUp"
"","3181","editFeatureGroupTest","regression","2026-04-04","passed","2026-04-04","tests.FeatureGroupTests","Chrome","tests.FeatureGroupTests","editFeatureGroupTest"
"","2341","verifyAfterDeleteFeatureGroupTest","regression","2026-04-04","passed","2026-04-04","tests.FeatureGroupTests","Chrome","tests.FeatureGroupTests","verifyAfterDeleteFeatureGroupTest"
"","3521","verifyAfterAddPartnerTest","regression","2026-04-01","passed","2026-04-01","tests.PartnersTests","Chrome","tests.PartnersTests","verifyAfterAddPartnerTest"
"","0","login","regression","2026-03-21","broken","2026-03-21","tests.CategoryTests","Chrome","tests.CategoryTests","login"
"","0","deleteFeatureGroupTest","regression","2026-03-21","skipped","2026-03-21","tests.FeatureGroupTests","Chrome","tests.FeatureGroupTests","deleteFeatureGroupTest"
"","2","setUp","regression","2026-03-12","broken","2026-03-12","tests.LoginTests","Chrome","tests.LoginTests","setUp"
"","22","verifyAfterDeleteCategoryTest","regression","2026-03-30","skipped","2026-03-30","tests.CategoryTests","Chrome","tests.CategoryTests","verifyAfterDeleteCategoryTest"
"","13295","editUseCaseTest","regression","2026-06-07","broken","2026-06-07","tests.UseCasesTests","Main Flow","tests.UseCasesTests","editUseCaseTest"
"","14728","deletePartnerTest","regression","2026-04-01","passed","2026-04-01","tests.PartnersTestsTwo","Chrome","tests.PartnersTestsTwo","deletePartnerTest"
"","3655","verifyAfterAddPartnerTest","regression","2026-04-01","passed","2026-04-01","tests.PartnersTestsTwo","Chrome","tests.PartnersTestsTwo","verifyAfterAddPartnerTest"
"","2754","verifyDashboardCounts","regression","2026-06-29","passed","2026-06-29","tests.DashboardTests","Main Flow","tests.DashboardTests","verifyDashboardCounts"
"","7489","verifyRolesPageUI","regression","2026-07-07","passed","2026-07-07","tests.RolesTests","Main Flow","tests.RolesTests","verifyRolesPageUI"
"","5433","verifyFooterContactSectionData","regression","2026-07-05","passed","2026-07-05","tests.HomeTests","Main Flow","tests.HomeTests","verifyFooterContactSectionData"
"","1","setUp","regression","2026-06-29","broken","2026-06-29","tests.HomeTests","Main Flow","tests.HomeTests","setUp"
"","3","setupAdminSession","regression","2026-04-04","broken","2026-04-04","tests.FeatureGroupTests","Chrome","tests.FeatureGroupTests","setupAdminSession"
"","12496","verifyAfterDeletePartnerTest","regression","2026-04-01","passed","2026-04-01","tests.PartnersTests","Chrome","tests.PartnersTests","verifyAfterDeletePartnerTest"
"","16","setupAdminSession","regression","2026-05-29","broken","2026-05-29","tests.BlogCategoriesTests","Main Flow","tests.BlogCategoriesTests","setupAdminSession"
"","2981","editPartnerTest","regression","2026-04-01","passed","2026-04-01","tests.PartnersTests","Chrome","tests.PartnersTests","editPartnerTest"
"","1","setupAdminSession","regression","2026-04-14","broken","2026-04-14","tests.BlogsTests","Main Flow","tests.BlogsTests","setupAdminSession"
"","32185","Verify Add, Edit and Delete Role","regression","2026-07-13","broken","2026-07-13","tests.RolesTests","Main Flow","tests.RolesTests","verifyAddEditDeleteRole"
"","16583","verifyHeaderNavigationLinks","regression","2026-07-05","broken","2026-07-05","tests.HomeTests","Main Flow","tests.HomeTests","verifyHeaderNavigationLinks"
"","1","deleteCategoryTest","regression","2026-03-30","skipped","2026-03-30","tests.CategoryTests","Chrome","tests.CategoryTests","deleteCategoryTest"
"","3923","verifyAfterEditPartnerTest","regression","2026-04-01","passed","2026-04-01","tests.PartnersTests","Chrome","tests.PartnersTests","verifyAfterEditPartnerTest"
"","4464","verifyFooterSocialMediaIcons","regression","2026-07-05","passed","2026-07-05","tests.HomeTests","Main Flow","tests.HomeTests","verifyFooterSocialMediaIcons"
"","21480","shouldAddEditAndDeleteClientSuccessfully","regression","2026-04-01","passed","2026-04-01","tests.ClientsTestsTwo","Chrome","tests.ClientsTestsTwo","shouldAddEditAndDeleteClientSuccessfully"
"","2705","openFeatureGroupPageTest","regression","2026-03-15","passed","2026-03-15","tests.FeatureGroupTests","Chrome","tests.FeatureGroupTests","openFeatureGroupPageTest"
"","3926","addCategoryTest","regression","2026-04-02","failed","2026-04-02","tests.CategoryTests","Chrome","tests.CategoryTests","addCategoryTest"
"","3520","verifyAfterAddClientTest","regression","2026-03-30","passed","2026-03-30","tests.ClientsTests","Chrome","tests.ClientsTests","verifyAfterAddClientTest"
"","3517","verifyAfterEditPartnerTest","regression","2026-04-01","passed","2026-04-01","tests.PartnersTestsTwo","Chrome","tests.PartnersTestsTwo","verifyAfterEditPartnerTest"
"","97765","shouldAddEditAndDeleteClientSuccessfully","regression","2026-06-01","passed","2026-06-01","tests.ClientsTests","Main Flow","tests.ClientsTests","shouldAddEditAndDeleteClientSuccessfully"
"","0","logout","regression","2026-03-14","skipped","2026-03-14","tests.LoginTests","Chrome","tests.LoginTests","logout"
"","2","login","regression","2026-04-04","broken","2026-04-04","tests.UseCasesTests","Chrome","tests.UseCasesTests","login"
"","2568","verifyProductsDashboardContent","regression","2026-06-29","passed","2026-06-29","tests.DashboardTests","Main Flow","tests.DashboardTests","verifyProductsDashboardContent"
"","10928","verifyAfterAddCategoryTest","regression","2026-03-30","passed","2026-03-30","tests.CategoryTests","Chrome","tests.CategoryTests","verifyAfterAddCategoryTest"
"","7847","addNewsTest","regression","2026-04-07","passed","2026-04-07","tests.BlogsTests","Chrome","tests.BlogsTests","addNewsTest"
"","12264","addUseCaseTest","regression","2026-06-07","broken","2026-06-07","tests.UseCasesTests","Main Flow","tests.UseCasesTests","addUseCaseTest"
"","12145","verifyAfterDeletePartnerTest","regression","2026-04-01","passed","2026-04-01","tests.PartnersTestsTwo","Chrome","tests.PartnersTestsTwo","verifyAfterDeletePartnerTest"
"","18561","shouldAddEditAndDeleteCategorySuccessfully","regression","2026-06-29","broken","2026-06-29","tests.CategoryTests","Main Flow","tests.CategoryTests","shouldAddEditAndDeleteCategorySuccessfully"
"","17627","createFeatureGroupTest","regression","2026-06-06","passed","2026-06-06","tests.FeatureGroupTests","Main Flow","tests.FeatureGroupTests","createFeatureGroupTest"
"","3254","verifyFooterBrandSection","regression","2026-07-05","passed","2026-07-05","tests.HomeTests","Main Flow","tests.HomeTests","verifyFooterBrandSection"
"","39570","shouldAddEditAndDeleteProductSuccessfully","regression","2026-06-06","passed","2026-06-06","tests.ProductsTests","Main Flow","tests.ProductsTests","shouldAddEditAndDeleteProductSuccessfully"
"","2","setUp","regression","2026-06-15","broken","2026-06-15","tests.UsersTests","Main Flow","tests.UsersTests","setUp"
"","2","setupAdminSession","regression","2026-06-29","broken","2026-06-29","tests.DashboardTests","Main Flow","tests.DashboardTests","setupAdminSession"
"","61873","shouldAddEditAndDeleteArticlesSuccessfully","regression","2026-06-06","passed","2026-06-06","tests.BlogsTests","Main Flow","tests.BlogsTests","shouldAddEditAndDeleteArticlesSuccessfully"
"","37","setupAdminSession","regression","2026-03-30","broken","2026-03-30","tests.CategoryTests","Chrome","tests.CategoryTests","setupAdminSession"
"","7478","verifyFooterSolutionsSectionLinks","regression","2026-07-05","passed","2026-07-05","tests.HomeTests","Main Flow","tests.HomeTests","verifyFooterSolutionsSectionLinks"
"","2437","addClientTest","regression","2026-03-30","passed","2026-03-30","tests.ClientsTests","Chrome","tests.ClientsTests","addClientTest"
"","3277","shouldAddEditAndDeleteFeatureGroupSuccessfully","regression","2026-04-04","passed","2026-04-04","tests.FeatureGroupTests","Chrome","tests.FeatureGroupTests","shouldAddEditAndDeleteFeatureGroupSuccessfully"
"","62673","shouldAddEditAndDeleteNewsSuccessfully","regression","2026-06-06","passed","2026-06-06","tests.BlogsTests","Main Flow","tests.BlogsTests","shouldAddEditAndDeleteNewsSuccessfully"
"","13994","addContactUsTest","regression","2026-06-07","passed","2026-06-07","tests.ContactUsTests","Main Flow","tests.ContactUsTests","addContactUsTest"
"","10309","verifyAfterDeleteClientTest","regression","2026-03-30","broken","2026-03-30","tests.ClientsTests","Chrome","tests.ClientsTests","verifyAfterDeleteClientTest"
"","9156","verifyAfterEditCategoryTest","regression","2026-03-30","passed","2026-03-30","tests.CategoryTests","Chrome","tests.CategoryTests","verifyAfterEditCategoryTest"
"","2061","verifyClientsDashboardContent","regression","2026-06-29","passed","2026-06-29","tests.DashboardTests","Main Flow","tests.DashboardTests","verifyClientsDashboardContent"
"","24246","addPartnerTest","regression","2026-04-01","passed","2026-04-01","tests.PartnersTestsTwo","Chrome","tests.PartnersTestsTwo","addPartnerTest"
"","53044","shouldAddEditAndDeleteNewSuccessfully","regression","2026-04-09","passed","2026-04-09","tests.BlogsTests","Chrome","tests.BlogsTests","shouldAddEditAndDeleteNewSuccessfully"
"","6527","verifyAfterEditUseCaseTest","regression","2026-06-07","broken","2026-06-07","tests.UseCasesTests","Main Flow","tests.UseCasesTests","verifyAfterEditUseCaseTest"
"","37","setupAdminSession","regression","2026-06-01","broken","2026-06-01","tests.ClientsTests","Main Flow","tests.ClientsTests","setupAdminSession"
"","3269","addPartnerTest","regression","2026-04-01","passed","2026-04-01","tests.PartnersTests","Chrome","tests.PartnersTests","addPartnerTest"
"","6577","editCategoryTest","regression","2026-03-30","passed","2026-03-30","tests.CategoryTests","Chrome","tests.CategoryTests","editCategoryTest"
"","4240","editClientTest","regression","2026-03-30","passed","2026-03-30","tests.ClientsTests","Chrome","tests.ClientsTests","editClientTest"
"","3553","verifyDashboardTabs","regression","2026-06-29","passed","2026-06-29","tests.DashboardTests","Main Flow","tests.DashboardTests","verifyDashboardTabs"
"","2234","verifyAfterEditFeatureGroupTest","regression","2026-04-04","broken","2026-04-04","tests.FeatureGroupTests","Chrome","tests.FeatureGroupTests","verifyAfterEditFeatureGroupTest"
"","1","setupAdminSession","regression","2026-07-06","broken","2026-07-06","tests.RolesTests","Main Flow","tests.RolesTests","setupAdminSession"
"","2","setUp","regression","2026-04-01","broken","2026-04-01","tests.ClientsTests","Chrome","tests.ClientsTests","setUp"
"","4700","editPartnerTest","regression","2026-04-01","passed","2026-04-01","tests.PartnersTestsTwo","Chrome","tests.PartnersTestsTwo","editPartnerTest"
"","2","setupAdminSession","regression","2026-06-07","broken","2026-06-07","tests.UseCasesTests","Main Flow","tests.UseCasesTests","setupAdminSession"
"","10330","addAndDeleteSubscribesTest","regression","2026-06-06","passed","2026-06-06","tests.SubscribersTests","Main Flow","tests.SubscribersTests","addAndDeleteSubscribesTest"
"","25172","shouldAddEditAndDeleteBlogCategorySuccessfully","regression","2026-06-06","passed","2026-06-06","tests.BlogCategoriesTests","Main Flow","tests.BlogCategoriesTests","shouldAddEditAndDeleteBlogCategorySuccessfully"
"","3577","addAndEditAndDeleteClient","regression","2026-04-01","broken","2026-04-01","tests.ClientsTests","Chrome","tests.ClientsTests","addAndEditAndDeleteClient"
"","23209","verifyFooterCompanySectionLinks","regression","2026-07-05","passed","2026-07-05","tests.HomeTests","Main Flow","tests.HomeTests","verifyFooterCompanySectionLinks"
"","42688","shouldAddEditAndDeletePartnerSuccessfully","regression","2026-06-06","passed","2026-06-06","tests.PartnersTests","Main Flow","tests.PartnersTests","shouldAddEditAndDeletePartnerSuccessfully"
"","558","deleteUseCaseTest","regression","2026-06-07","broken","2026-06-07","tests.UseCasesTests","Main Flow","tests.UseCasesTests","deleteUseCaseTest"
"","5526","verifyAfterEditClientTest","regression","2026-03-30","passed","2026-03-30","tests.ClientsTests","Chrome","tests.ClientsTests","verifyAfterEditClientTest"
"","3","login","Default Suite","2026-03-16","broken","2026-03-16","tests.FeatureGroupTests","WebsiteUI","tests.FeatureGroupTests","login"
"","7158","addAndDeleteSubscribesTest","regression","2026-04-14","passed","2026-04-14","tests.SubscribesTests","Chrome","tests.SubscribesTests","addAndDeleteSubscribesTest"
"","577","loginWithCorrectEmailAndPassword","regression","2026-03-14","passed","2026-03-14","tests.LoginTests","Chrome","tests.LoginTests","loginWithCorrectEmailAndPassword"
"","5579","deleteClientTest","regression","2026-03-30","passed","2026-03-30","tests.ClientsTests","Chrome","tests.ClientsTests","deleteClientTest"
"","2350","deletePartnerTest","regression","2026-04-01","passed","2026-04-01","tests.PartnersTests","Chrome","tests.PartnersTests","deletePartnerTest"
"","3271","verifyBlogsDashboardContent","regression","2026-06-29","passed","2026-06-29","tests.DashboardTests","Main Flow","tests.DashboardTests","verifyBlogsDashboardContent"
"","11850","verifyAfterAddUseCaseTest","regression","2026-06-07","broken","2026-06-07","tests.UseCasesTests","Main Flow","tests.UseCasesTests","verifyAfterAddUseCaseTest"
